[
    {
        "name": "顺丰",
        "aliases": {
            "aliyun": "SFEXPRESS",
            "juhe": "sf",
            "kd100": "shunfeng",
            "kdniao": "SF"
        }
    },
    {
        "name": "申通",
        "aliases": {
            "aliyun": "STO",
            "juhe": "sto",
            "kd100": "shentong",
            "kdniao": "STO"
        }
    },
    {
        "name": "中通",
        "aliases": {
            "aliyun": "ZTO",
            "juhe": "zto",
            "kd100": "zhongtong",
            "kdniao": "ZTO"
        }
    },
    {
        "name": "中通快运",
        "aliases": {
            "aliyun": "ZTO56",
            "juhe": "ztoky",
            "kd100": "",
            "kdniao": "ZTO"
        }
    },
    {
        "name": "圆通",
        "aliases": {
            "aliyun": "YTO",
            "juhe": "yt",
            "kd100": "yuantong",
            "kdniao": "YTO"
        }
    },
    {
        "name": "韵达",
        "aliases": {
            "aliyun": "YUNDA",
            "juhe": "yd",
            "kd100": "yunda",
            "kdniao": "YD"
        }
    },
    {
        "name": "天天",
        "aliases": {
            "aliyun": "TTKDEX",
            "juhe": "tt",
            "kd100": "tiantian",
            "kdniao": "HHTT"
        }
    },
    {
        "name": "EMS",
        "aliases": {
            "aliyun": "EMS",
            "juhe": "ems",
            "kd100": "ems",
            "kdniao": "EMS"
        }
    },
    {
        "name": "EMS国际",
        "aliases": {
            "aliyun": "EMS",
            "juhe": "emsg",
            "kd100": "emsguoji",
            "kdniao": "EMSGJ"
        }
    },
    {
        "name": "马来西亚（大包EMS）",
        "aliases": {
            "aliyun": "",
            "juhe": "malaysiaems",
            "kd100": "malaysiaems"
        }
    },
    {
        "name": "邮政国内（挂号信）",
        "aliases": {
            "aliyun": "",
            "juhe": "yzgn",
            "kd100": "youzhengguonei",
            "kdniao": "YZBK"
        }
    },
    {
        "name": "汇通",
        "aliases": {
            "aliyun": "",
            "juhe": "ht",
            "kd100": "huitongkuaidi",
            "kdniao": ""
        }
    },
    {
        "name": "全峰",
        "aliases": {
            "aliyun": "QFKD",
            "juhe": "qf",
            "kd100": "quanfengkuaidi",
            "kdniao": ""
        }
    },
    {
        "name": "德邦",
        "aliases": {
            "aliyun": "DEPPON",
            "juhe": "db",
            "kd100": "debangwuliu",
            "kdniao": "DBL"
        }
    },
    {
        "name": "国通",
        "aliases": {
            "aliyun": "GTO",
            "juhe": "gt",
            "kd100": "guotongkuaidi",
            "kdniao": ""
        }
    },
    {
        "name": "如风达",
        "aliases": {
            "aliyun": "RFD",
            "juhe": "rfd",
            "kd100": "rufengda",
            "kdniao": "RFD"
        }
    },
    {
        "name": "京东",
        "aliases": {
            "aliyun": "JD",
            "juhe": "jd",
            "kd100": "jd",
            "kdniao": "JD"
        }
    },
    {
        "name": "宅急送",
        "aliases": {
            "aliyun": "ZJS",
            "juhe": "zjs",
            "kd100": "zhaijisong",
            "kdniao": "ZJS"
        }
    },
    {
        "name": "Fedex",
        "aliases": {
            "aliyun": "FEDEXIN",
            "juhe": "fedex",
            "kd100": "fedexcn",
            "kdniao": "FEDEX"
        }
    },
    {
        "name": "Fedex国际",
        "aliases": {
            "aliyun": "FEDEXIN",
            "juhe": "fedex",
            "kd100": "fedex",
            "kdniao": "FEDEX_GJ"
        }
    },
    {
        "name": "UPS",
        "aliases": {
            "aliyun": "UPS",
            "juhe": "ups",
            "kd100": "ups",
            "kdniao": "UPS"
        }
    },
    {
        "name": "中铁",
        "aliases": {
            "aliyun": "CRE",
            "juhe": "ztky",
            "kd100": "",
            "kdniao": "ZHWL"
        }
    },
    {
        "name": "佳吉",
        "aliases": {
            "aliyun": "JIAJI",
            "juhe": "jiaji",
            "kd100": "jiajiwuliu",
            "kdniao": "CNEX"
        }
    },
    {
        "name": "速尔",
        "aliases": {
            "aliyun": "SURE",
            "juhe": "suer",
            "kd100": "suer",
            "kdniao": "SURE"
        }
    },
    {
        "name": "信丰",
        "aliases": {
            "aliyun": "XFEXPRESS",
            "juhe": "xfwl",
            "kd100": "xinfengwuliu",
            "kdniao": "XFEX"
        }
    },
    {
        "name": "优速",
        "aliases": {
            "aliyun": "UC56",
            "juhe": "yousu",
            "kd100": "youshuwuliu",
            "kdniao": "UC"
        }
    },
    {
        "name": "中邮",
        "aliases": {
            "aliyun": "ZYWL",
            "juhe": "zhongyou",
            "kd100": "zhongyouwuliu",
            "kdniao": "ZYKD"
        }
    },
    {
        "name": "天地华宇",
        "aliases": {
            "aliyun": "HOAU",
            "juhe": "tdhy",
            "kd100": "tiandihuayu",
            "kdniao": "HOAU"
        }
    },
    {
        "name": "安信达",
        "aliases": {
            "aliyun": "ANXINDA",
            "juhe": "axd",
            "kd100": "anxindakuaixi",
            "kdniao": ""
        }
    },
    {
        "name": "快捷",
        "aliases": {
            "aliyun": "FASTEXPRESS",
            "juhe": "kuaijie",
            "kd100": "kuaijiesudi",
            "kdniao": "DJKJWL"
        }
    },
    {
        "name": "AAE全球专递",
        "aliases": {
            "aliyun": "AAEWEB",
            "juhe": "aae",
            "kd100": "aae",
            "kdniao": "AAE"
        }
    },
    {
        "name": "DHL国内件",
        "aliases": {
            "aliyun": "DHL",
            "juhe": "dhl",
            "kd100": "dhl",
            "kdniao": "FEDEX"
        }
    },
    {
        "name": "DHL国际件",
        "aliases": {
            "aliyun": "DHL_EN",
            "juhe": "dhl",
            "kd100": "dhlen",
            "kdniao": "FEDEX_GJ"
        }
    },
    {
        "name": "DPEX国际",
        "aliases": {
            "aliyun": "DPEX",
            "juhe": "dpex",
            "kd100": "dpex",
            "kdniao": "DPEX"
        }
    },
    {
        "name": "D速",
        "aliases": {
            "aliyun": "DEXP",
            "juhe": "ds",
            "kd100": "dsukuaidi",
            "kdniao": "DSWL"
        }
    },
    {
        "name": "FEDEX国内",
        "aliases": {
            "aliyun": "FEDEX",
            "juhe": "fedexcn",
            "kd100": "fedexcn",
            "kdniao": "FEDEX"
        }
    },
    {
        "name": "FEDEX国际",
        "aliases": {
            "aliyun": "FEDEXIN",
            "juhe": "fedexcn",
            "kd100": "fedex",
            "kdniao": "FEDEX_GJ"
        }
    },
    {
        "name": "OCS",
        "aliases": {
            "aliyun": "",
            "juhe": "ocs",
            "kd100": "ocs",
            "kdniao": ""
        }
    },
    {
        "name": "TNT",
        "aliases": {
            "aliyun": "TNT",
            "juhe": "tnt",
            "kd100": "tnt",
            "kdniao": "TNT"
        }
    },
    {
        "name": "中国东方",
        "aliases": {
            "aliyun": "COE",
            "juhe": "coe",
            "kd100": "coe",
            "kdniao": ""
        }
    },
    {
        "name": "传喜",
        "aliases": {
            "aliyun": "",
            "juhe": "cxwl",
            "kd100": "chuanxiwuliu",
            "kdniao": "CXHY"
        }
    },
    {
        "name": "城市100",
        "aliases": {
            "aliyun": "CITY100",
            "juhe": "cs",
            "kd100": "city100",
            "kdniao": "CITY100"
        }
    },
    {
        "name": "城市之星",
        "aliases": {
            "aliyun": "",
            "juhe": "cszx",
            "kd100": "",
            "kdniao": ""
        }
    },
    {
        "name": "安捷",
        "aliases": {
            "aliyun": "ANJELEX",
            "juhe": "aj",
            "kd100": "anjie88",
            "kdniao": "AJ"
        }
    },
    {
        "name": "百福东方",
        "aliases": {
            "aliyun": "EES",
            "juhe": "bfdf",
            "kd100": "baifudongfang",
            "kdniao": "BFDF"
        }
    },
    {
        "name": "程光",
        "aliases": {
            "aliyun": "FLYWAYEX",
            "juhe": "chengguang",
            "kd100": "chengguangkuaidi",
            "kdniao": "CG"
        }
    },
    {
        "name": "递四方",
        "aliases": {
            "aliyun": "D4PX",
            "juhe": "dsf",
            "kd100": "disifang",
            "kdniao": "D4PX"
        }
    },
    {
        "name": "长通",
        "aliases": {
            "aliyun": "",
            "juhe": "ctwl",
            "kd100": "",
            "kdniao": ""
        }
    },
    {
        "name": "飞豹",
        "aliases": {
            "aliyun": "",
            "juhe": "feibao",
            "kd100": "feibaokuaidi",
            "kdniao": ""
        }
    },
    {
        "name": "安能",
        "aliases": {
            "aliyun": "ANE",
            "juhe": "ane66",
            "kd100": "annengwuliu",
            "kdniao": "ANE"
        }
    },
    {
        "name": "远成",
        "aliases": {
            "aliyun": "YCGWL",
            "juhe": "ycgky",
            "kd100": "yuanchengwuliu",
            "kdniao": "YCWL"
        }
    },
    {
        "name": "邮政",
        "aliases": {
            "aliyun": "CHINAPOST",
            "juhe": "youzheng",
            "kd100": "youzhengbk",
            "kdniao": "YZPY"
        }
    },
    {
        "name": "百世",
        "aliases": {
            "aliyun": "BSKY",
            "juhe": "bsky",
            "kd100": "huitongkuaidi",
            "kdniao": "HTKY"
        }
    },
    {
        "name": "苏宁",
        "aliases": {
            "aliyun": "SUNING",
            "juhe": "suning",
            "kd100": "suning",
            "kdniao": "SNWL"
        }
    },
    {
        "name": "安能",
        "aliases": {
            "aliyun": "ANEEX",
            "juhe": "anneng",
            "kd100": "annengwuliu",
            "kdniao": "ANE"
        }
    },
    {
        "name": "九曳",
        "aliases": {
            "aliyun": "JIUYESCM",
            "juhe": "jiuye",
            "kd100": "jiuyescm",
            "kdniao": "JIUYE"
        }
    },
    {
        "name": "亚马逊",
        "aliases": {
            "aliyun": "",
            "juhe": "",
            "kd100": "",
            "kdniao": "AMAZON"
        }
    },
    {
        "name": "环球速运",
        "aliases": {
            "aliyun": "",
            "juhe": "",
            "kd100": "",
            "kdniao": "HQSY"
        }
    }
]